{"cameraMode":{"drawMode":0,"name":"Shaded","section":"Shading Mode"},"sceneLighting":false,"audioPlay":false,"sceneViewState":{"m_AlwaysRefresh":false,"showFog":true,"showSkybox":false,"showFlares":true,"showImageEffects":true,"showParticleSystems":true,"showVisualEffectGraphs":true,"m_FxEnabled":true},"in2DMode":false,"pivot":{"x":-7.679999828338623,"y":4.21999979019165,"z":0.3377997577190399},"rotation":{"x":0.05727796256542206,"y":-0.004496556706726551,"z":0.000258528656559065,"w":0.9983501434326172},"size":0.33842456340789797,"orthographic":false}